{"cameraMode":{"drawMode":0,"name":"Shaded","section":"Shading Mode"},"sceneLighting":true,"audioPlay":false,"sceneViewState":{"showFog":true,"showMaterialUpdate":false,"showSkybox":true,"showFlares":true,"showImageEffects":true,"showParticleSystems":true,"showVisualEffectGraphs":true,"m_FxEnabled":true},"in2DMode":false,"pivot":{"x":1.5681028366088868,"y":3.9294986724853517,"z":0.5390090942382813},"rotation":{"x":0.342458039522171,"y":0.17197346687316895,"z":-0.06390535831451416,"w":0.9215062856674194},"size":14.510504722595215,"orthographic":false}